<?xml version="1.0" encoding="UTF-8" ?>
<!DOCTYPE mapper
        PUBLIC "-//mybatis.org//DTD Mapper 3.0//EN"
        "http://mybatis.org/dtd/mybatis-3-mapper.dtd">
<mapper namespace="com.oddfar.campus.framework.mapper.SysLoginLogMapper">

    <resultMap type="SysLoginLogEntity" id="SysLogininforResult">
        <id property="infoId" column="info_id"/>
        <result property="userId" column="user_id"/>
        <result property="userName" column="user_name"/>
        <result property="status" column="status"/>
        <result property="ipaddr" column="ipaddr"/>
        <result property="loginLocation" column="login_location"/>
        <result property="browser" column="browser"/>
        <result property="os" column="os"/>
        <result property="msg" column="msg"/>
        <result property="loginTime" column="login_time"/>
    </resultMap>


    <update id="cleanLogininfor">
        truncate table sys_log_login
    </update>

</mapper>